{
  "train_losses": [
    0.8935445696115494,
    0.7184323273720405,
    0.6859553308103227,
    0.6687004778796898,
    0.651922926576185,
    0.6472139576244527,
    0.644329747633089,
    0.6432742356553431,
    0.6419931858724108,
    0.6400295529669491,
    0.6393437227924736,
    0.6386487670714343,
    0.6365936841229634,
    0.6342964959726627,
    0.6322850823456296,
    0.6309799755406423,
    0.6294756166596525,
    0.6281937706211808,
    0.6271499207826031,
    0.6253309795265819,
    0.6250099923198952,
    0.6234278866169034,
    0.6230360911401228,
    0.6213748240018193,
    0.6214238597891861,
    0.62038121875005,
    0.6196202984716319,
    0.6184808720731821,
    0.6179575895045162,
    0.6175909712775922,
    0.6159437007488006,
    0.6151102017644948,
    0.6142192806031346,
    0.6132426478009112,
    0.6133509499254968,
    0.6124493280597448,
    0.6119195298303531,
    0.6112498109907613,
    0.6105882606551617,
    0.6102308476811938,
    0.6087258416910069,
    0.6081747468998807,
    0.607971398890773,
    0.6071406799835064,
    0.607408909453837,
    0.6057522407384289,
    0.6056830078686771,
    0.6049711369045389,
    0.6044347471343673,
    0.603960616544401,
    0.603719681797795,
    0.6025922899328132,
    0.6025485122343947,
    0.6016120780225688,
    0.6010090757774401,
    0.6004343237087912,
    0.5995356790842674,
    0.5991000701516705,
    0.5990185605574257,
    0.5983088861807345,
    0.5973240493596355,
    0.5980841705801259,
    0.5959023413455508,
    0.5966431936131248,
    0.5946898069401115,
    0.5955947871180167,
    0.5940848056220233,
    0.5938529374640414,
    0.5939784823069736,
    0.5932520158036493,
    0.5905889552120275,
    0.5892125798716036,
    0.5891535382643747,
    0.5889444529579086,
    0.5887361977781568,
    0.5886972078255245,
    0.5878461397524122,
    0.5874938173169038,
    0.5870970838970991,
    0.5869610299091874,
    0.5860038767240362,
    0.5859617582281502,
    0.5865868531019304,
    0.5858502790035434,
    0.585733921198043,
    0.5853902126576542,
    0.5844370196514492,
    0.5839944085203933,
    0.5844232253528202,
    0.5835947325119705
  ],
  "val_losses": [
    0.7589349435944842,
    0.6750369423475021,
    0.6655747498202528,
    0.6681064285783687,
    0.6628086724851885,
    0.6558624149387718,
    0.6535707057541252,
    0.6473621435654469,
    0.6441219184133742,
    0.6460049249168135,
    0.6511665052837796,
    0.6482472287284003,
    0.6456635660595365,
    0.6542866130669912,
    0.6568670377262638,
    0.6467149206715771,
    0.6484461345224299,
    0.6464780495207534,
    0.648993087375266
  ],
  "best_val_loss": 0.6441219184133742,
  "args": {
    "batch_size": 128,
    "epochs": 100,
    "lr": 0.0001,
    "d_model": 64,
    "nhead": 8,
    "num_encoder_layers": 2,
    "num_main_layers": 2,
    "weight_decay": 0.01,
    "clip_grad": 1.0,
    "checkpoint_dir": "checkpoints",
    "use_subset": 0.2,
    "grad_accum_steps": 4,
    "eval_every": 5,
    "num_workers": 2,
    "prefetch_factor": 2,
    "use_amp": false
  }
}